663821,s948047
663821,s34945401
663821,s84097505
663821,s79213851
663821,s87544655
663821,s125969381
663821,s18063013
663821,s60767065
663821,s739870792
663821,s119437608
663821,s374681251
663821,s623093882
663821,s725274
663821,s128099517
663821,s3102130
663821,s95978792
663821,s3134033
663821,s75072795
663821,s95938334
663821,s15546830
663821,s2120967
663821,s61292006
663821,s94652218
663821,s4928709
663821,s141939687
663821,s122440564
663821,s83753452
663821,s492924412
663821,s100063586
663821,s126318307
663821,s71217501
663821,s3098840
663821,s863103
663821,s819736552
663821,s772603752
663821,s541223312
663821,s380709491
663821,s66221584
663821,s121530352
663821,s62720329
663821,s99396898
663821,s70355583
663821,s79044232
663821,s850423
663821,s66642650
663821,s119966038
663821,s134527930
663821,s378751241
663821,s7561772
663821,s3157688
663821,s405549412
663821,s66609426
663821,s482990352
663821,s127031683
663821,s3973902
663821,s5317041
663821,s903466
663821,s18181613
663821,s89458301
663821,s71886591
663821,s84575503
663821,s74578093
663821,s383683641
663821,s69000543
663821,s1137255
663821,s68515338
663821,s35946821
663821,s77377653
663821,s7868648
663821,s921875
663821,s61424044
663821,s132194662
663821,s3252251
663821,s132026590
663821,s104791420
663821,s78915850
663821,s139470659
663821,s101640959
663821,s696429242
663821,s65441972
663821,s74173002
663821,s134605935
663821,s73941787
663821,s78232944
663821,s401053382
663821,s532915
663821,s106883606
663821,s377386561
663821,s481487702
663821,s133099596
663821,s3963789
663821,s97313252
663821,s78098991
663821,s134527362
663821,s114286682
663821,s86541429
663821,s3976601
663821,s3787855
663821,s120737440
663821,s125987687
1138437,s15218972
1138437,s2754456
1138437,s3155135
1138437,s73949552
1138437,s351990391
1138437,s127338613
1138437,s128878464
1138437,s3155488
1138437,s492150022
1138437,s70820770
1138437,s505204262
1138437,s603140762
1138437,s68097787
1138437,s93477530
1138437,s116944266
1138437,s17506060
1138437,s3155471
1138437,s74494858
1138437,s3016968
1138437,s88796267
1138437,s71788159
1138437,s102400506
1138437,s35357851
1138437,s126011307
1138437,s64507626
1138437,s463782712
1138437,s2518361
1138437,s1175620
1138437,s68414397
1138437,s110008540
1138437,s3643263
1138437,s3100596
1138437,s75337327
1138437,s7706093
1138437,s3157624
1138437,s1574150
1138437,s124262674
1138437,s516396522
1138437,s543575302
1138437,s570650
1138437,s70274246
1138437,s1067076
1138437,s88003859
1138437,s133582024
1138437,s785176
1138437,s95292396
1138437,s402893162
1138437,s80446158
1138437,s356779351
1138437,s125756472
1138437,s599991
1138437,s3152603
1138437,s3099086
1138437,s3089501
1138437,s522178342
1138437,s395728132
1138437,s93477524
1138437,s139657281
1138437,s3127387
1138437,s3089502
1138437,s798382542
1138437,s65366346
1138437,s102420490
1138437,s1175615
1138437,s89158299
1138437,s548365
1138437,s3614124
1138437,s7818900
1138437,s133931370
1138437,s503114772
1138437,s112076884
1138437,s541223312
1138437,s464345902
1138437,s92213556
1138437,s80164460
1138437,s3102130
1138437,s376480961
1138437,s125983479
1138437,s8163761
1138437,s58371941
1138437,s350043571
1138437,s137238844
1138437,s14495791
1138437,s501223572
1138437,s572881
1138437,s695870892
1138437,s63480992
1138437,s620156052
1138437,s97081744
1138437,s2043943
1138437,s472898512
1138437,s883648
1138437,s266039
1138437,s6435782
1138437,s758439
1138437,s130852382
1138437,s881563
1138437,s118187946
1138437,s134527358
1138437,s462630402
1267440,s2307303
1267440,s870158192
1267440,s65322796
1267440,s9440536
1267440,s61602244
1267440,s716509072
1267440,s6113111
1267440,s425530702
1267440,s93009836
1267440,s1151624
1267440,s70893460
1267440,s662879
1267440,s77908596
1267440,s40816151
1267440,s694256922
1267440,s624640052
1267440,s1151614
1267440,s117728340
1267440,s61043347
1267440,s6715840
1267440,s92011220
1267440,s73164386
1267440,s3866060
1267440,s145581122
1267440,s124600306
1267440,s106310950
1267440,s12945238
1267440,s2204078
1267440,s676577672
1267440,s3839820
1267440,s137603179
1267440,s7009404
1267440,s138126947
1267440,s462448692
1267440,s524903592
1267440,s648562702
1267440,s79538748
1267440,s3837470
1267440,s522321382
1267440,s1100395
1267440,s96468152
1267440,s5235382
1267440,s492348772
1267440,s70876820
1267440,s598970452
1267440,s145581114
1267440,s426976942
1267440,s3765260
1267440,s524903552
1267440,s77911656
1267440,s460379542
1267440,s591484612
1267440,s10496881
1267440,s6591578
1267440,s2129681
1267440,s84195535
1267440,s13175864
1267440,s740289
1267440,s847839602
1267440,s116783786
1267440,s66890890
1267440,s90592723
1267440,s484637012
1267440,s61424045
1267440,s6808623
1267440,s3819914
1267440,s498469942
1267440,s3785268
1267440,s576523042
1267440,s74569228
1267440,s870947
1267440,s4315684
1267440,s132438128
1267440,s40067701
1267440,s363834651
1267440,s101250806
1267440,s70134645
1267440,s1151615
1267440,s102567076
1267440,s682460102
1267440,s3201976
1267440,s60936238
1267440,s78551135
1267440,s94311560
1267440,s69601419
1267440,s25237161
1267440,s620352922
1267440,s61569723
1267440,s467064822
1267440,s7408241
1267440,s384103781
1267440,s3754112
1267440,s671026302
1267440,s65690449
1267440,s65087278
1267440,s374222191
1267440,s88987063
1267440,s40067721
1267440,s620353002
1267440,s5935533
1861248,s89031653
1861248,s126772767
1861248,s370862821
1861248,s17490403
1861248,s89031641
1861248,s559269712
1861248,s119368280
1861248,s464614782
1861248,s370862911
1861248,s63104240
1861248,s585063232
1861248,s63104230
1861248,s132937454
1861248,s68945548
1861248,s75353826
1861248,s365936471
1861248,s17545210
1861248,s489527872
1861248,s66657808
1861248,s100498088
1861248,s115631012
1861248,s89031639
1861248,s559269682
1861248,s17490406
1861248,s71966538
1861248,s74537515
1861248,s365935951
1861248,s129387018
1861248,s128521461
1861248,s75353817
1861248,s17545203
1861248,s398304322
1861248,s97057888
1861248,s464614862
1861248,s70707532
1861248,s119368284
1861248,s559269702
1861248,s414838122
1861248,s481339402
1861248,s15555008
1861248,s68945536
1861248,s95683306
1861248,s63328579
1861248,s71966549
1861248,s12239978
1861248,s132937448
1861248,s419910692
1861248,s10245068
1861248,s138226067
1861248,s12239970
1861248,s120026876
1861248,s414838172
1861248,s72717408
1861248,s63104239
1861248,s408721652
1861248,s89031635
1861248,s120525430
1861248,s115631014
1861248,s100328666
1861248,s66657821
1861248,s62812946
1861248,s13789076
1861248,s2423948
1861248,s475164552
1861248,s115631016
1861248,s408721642
1861248,s75353815
1861248,s365936581
1861248,s414838112
1861248,s17545197
1861248,s68175307
1861248,s75353818
1861248,s119368282
1861248,s101903549
1861248,s115631028
1861248,s112342328
1861248,s3591863
1861248,s365936001
1861248,s106095114
1861248,s414838212
1861248,s464614822
1861248,s365936031
1861248,s13789079
1861248,s552360832
1861248,s440453602
1861248,s129387044
1861248,s100498086
1861248,s414838102
1861248,s131069774
1861248,s14579018
1861248,s72717405
1861248,s66657809
1861248,s100498096
1861248,s543127122
1861248,s75353816
1861248,s112342308
1861248,s370862941
1861248,s100328650
1861248,s370862971
1861248,s17545198
2020736,s422201692
2020736,s796825252
2020736,s94087868
2020736,s63480987
2020736,s70798620
2020736,s5647875
2020736,s114393902
2020736,s794751
2020736,s4762943
2020736,s767774612
2020736,s953401722
2020736,s907402
2020736,s5624071
2020736,s532968292
2020736,s3114331
2020736,s4762941
2020736,s70780754
2020736,s6305084
2020736,s135987936
2020736,s3157464
2020736,s56293961
2020736,s3056960
2020736,s2168819
2020736,s4188437
2020736,s1084418292
2020736,s550165412
2020736,s89076699
2020736,s2252935
2020736,s411109542
2020736,s61207502
2020736,s365067
2020736,s132629132
2020736,s7572045
2020736,s796307872
2020736,s2202835
2020736,s364221261
2020736,s94450814
2020736,s2271563
2020736,s1143248
2020736,s142749626
2020736,s61033534
2020736,s1167927
2020736,s77834704
2020736,s94450808
2020736,s16394118
2020736,s142749612
2020736,s576431
2020736,s5403408
2020736,s566287
2020736,s110577656
2020736,s124922782
2020736,s540957
2020736,s14172344
2020736,s111780782
2020736,s3664981
2020736,s69125495
2020736,s457266382
2020736,s79587580
2020736,s142749624
2020736,s727604702
2020736,s455225362
2020736,s136802580
2020736,s72064754
2020736,s12209331
2020736,s72059802
2020736,s811910272
2020736,s135253734
2020736,s3822465
2020736,s66441179
2020736,s71828725
2020736,s638407
2020736,s1163752
2020736,s811910232
2020736,s526544722
2020736,s395273652
2020736,s138547415
2020736,s539620
2020736,s356768051
2020736,s4762936
2020736,s77856796
2020736,s502755302
2020736,s413431212
2020736,s2550607
2020736,s142138729
2020736,s2184743
2020736,s103525502
2020736,s550518
2020736,s2932961
2020736,s484233532
2020736,s4282296
2020736,s103381088
2020736,s4762935
2020736,s1574192
2020736,s7674865
2020736,s503260402
2020736,s781604402
2020736,s4132636
2020736,s142138725
2020736,s1138329
2020736,s683008302
2135818,s136427084
2135818,s74007547
2135818,s75765082
2135818,s102360952
2135818,s2156629
2135818,s63466656
2135818,s94652218
2135818,s69355832
2135818,s3355760
2135818,s945217
2135818,s1152042
2135818,s3766585
2135818,s921901
2135818,s1151537
2135818,s11531184
2135818,s12206933
2135818,s14737952
2135818,s902310
2135818,s109176426
2135818,s78670918
2135818,s887617162
2135818,s62295514
2135818,s859059
2135818,s133939556
2135818,s107811124
2135818,s75203157
2135818,s389852291
2135818,s32403801
2135818,s1151539
2135818,s72665258
2135818,s136802580
2135818,s16711116
2135818,s1039342
2135818,s3824097
2135818,s107329230
2135818,s92097672
2135818,s140182703
2135818,s110823952
2135818,s994228
2135818,s78415067
2135818,s883640
2135818,s3522084
2135818,s132196470
2135818,s70322130
2135818,s65418697
2135818,s6722112
2135818,s119437608
2135818,s984872
2135818,s98549308
2135818,s7710249
2135818,s2448500
2135818,s78415053
2135818,s63466044
2135818,s61434801
2135818,s114969628
2135818,s80808394
2135818,s4197451
2135818,s929222
2135818,s559249432
2135818,s4197459
2135818,s69000458
2135818,s1253523
2135818,s85909181
2135818,s99228820
2135818,s7132026
2135818,s86616397
2135818,s18544481
2135818,s4125585
2135818,s137307372
2135818,s75960205
2135818,s82917990
2135818,s14233889
2135818,s2414203
2135818,s6600680
2135818,s16322832
2135818,s4193685
2135818,s412411482
2135818,s81373602
2135818,s79257259
2135818,s2305641
2135818,s410006652
2135818,s11332911
2135818,s2305654
2135818,s6510686
2135818,s3765201
2135818,s3766588
2135818,s22750211
2135818,s9440519
2135818,s102978132
2135818,s382233931
2135818,s14598249
2135818,s103865704
2135818,s2577775
2135818,s670876
2135818,s138547415
2135818,s72760041
2135818,s20517171
2135818,s3568051
2135818,s974612522
2135818,s2766595
2319136,s119962200
2319136,s120923634
2319136,s96463772
2319136,s109176426
2319136,s124186262
2319136,s510287882
2319136,s132195586
2319136,s114000564
2319136,s3599672
2319136,s3621752
2319136,s70160104
2319136,s135373118
2319136,s120465194
2319136,s119434512
2319136,s97998552
2319136,s353370611
2319136,s73133570
2319136,s111980176
2319136,s4588779
2319136,s102599892
2319136,s16638433
2319136,s71036241
2319136,s68175449
2319136,s73510206
2319136,s505204262
2319136,s880940
2319136,s86116271
2319136,s86835023
2319136,s68952835
2319136,s375990201
2319136,s130416860
2319136,s398655522
2319136,s78525325
2319136,s118807484
2319136,s69112424
2319136,s93820358
2319136,s117726808
2319136,s2121813
2319136,s117627754
2319136,s137311004
2319136,s5134165
2319136,s66390792
2319136,s13093471
2319136,s12206946
2319136,s5294635
2319136,s3851861
2319136,s11099998
2319136,s69463252
2319136,s497206322
2319136,s127248321
2319136,s68925040
2319136,s33993921
2319136,s76895654
2319136,s117692656
2319136,s491032622
2319136,s475164212
2319136,s122437314
2319136,s117726864
2319136,s353370641
2319136,s3117861
2319136,s2184743
2319136,s120692298
2319136,s4231436
2319136,s111779160
2319136,s131449230
2319136,s103549360
2319136,s38206341
2319136,s82265296
2319136,s109169054
2319136,s80870182
2319136,s119875434
2319136,s107973004
2319136,s79790060
2319136,s99112842
2319136,s98702638
2319136,s141822553
2319136,s7238408
2319136,s58786641
2319136,s144962554
2319136,s138108467
2319136,s107329230
2319136,s62448304
2319136,s85793225
2319136,s112077064
2319136,s15024608
2319136,s78195293
2319136,s94901972
2319136,s105857706
2319136,s3104873
2319136,s16501727
2319136,s118995008
2319136,s94722172
2319136,s372985941
2319136,s121785260
2319136,s128546345
2319136,s506213382
2319136,s74596893
2319136,s598600342
2319136,s92065240
2319136,s397113302
2412569,s116245180
2412569,s136127850
2412569,s102400506
2412569,s133792972
2412569,s116245190
2412569,s465497022
2412569,s119420832
2412569,s375689871
2412569,s431467532
2412569,s14177436
2412569,s522622402
2412569,s135191514
2412569,s414838212
2412569,s481416332
2412569,s441818902
2412569,s481339432
2412569,s458531462
2412569,s461704132
2412569,s502746922
2412569,s528684731
2412569,s509616162
2412569,s2838140
2412569,s481510382
2412569,s526044612
2412569,s380684541
2412569,s518482302
2412569,s408868832
2412569,s497415082
2412569,s125244224
2412569,s116245192
2412569,s140398635
2412569,s533609392
2412569,s375313491
2412569,s455366392
2412569,s482990352
2412569,s431467522
2412569,s456076072
2412569,s529272931
2412569,s426047942
2412569,s524818782
2412569,s116245182
2412569,s417556202
2412569,s107291644
2412569,s498130042
2412569,s99358978
2412569,s116245178
2412569,s530695381
2412569,s351583191
2412569,s378806591
2412569,s367501321
2412569,s135203382
2412569,s472992602
2412569,s429974992
2412569,s539496372
2412569,s413829472
2412569,s450365092
2412569,s503261812
2412569,s133165908
2412569,s356130231
2412569,s57264071
2412569,s497479322
2412569,s116245176
2412569,s116245186
2412569,s518405482
2412569,s142328215
2412569,s481488362
2412569,s475164212
2412569,s505204262
2412569,s429975012
2412569,s429975082
2412569,s481510342
2412569,s136262878
2412569,s440248322
2412569,s463936612
2412569,s479801712
2412569,s511840232
2412569,s415278692
2412569,s69962764
2412569,s520827442
2412569,s141939579
2412569,s93781202
2412569,s482172172
2412569,s357426771
2412569,s538113022
2412569,s373745991
2412569,s431467462
2412569,s456379902
2412569,s501692212
2412569,s513579862
2412569,s457302112
2412569,s501692222
2412569,s139470659
2412569,s498249082
2412569,s375050091
2412569,s101326458
2412569,s498218402
2412569,s463026312
2412569,s482708722
2412569,s493156062
2412569,s415278852
2460684,s513738
2460684,s74741295
2460684,s77235296
2460684,s69018826
2460684,s68945626
2460684,s537271932
2460684,s5323837
2460684,s74347306
2460684,s15780056
2460684,s428745152
2460684,s69000543
2460684,s355184071
2460684,s4299690
2460684,s74347301
2460684,s141105573
2460684,s137893709
2460684,s30144571
2460684,s135373112
2460684,s139876149
2460684,s13359822
2460684,s16918642
2460684,s6123477
2460684,s884025
2460684,s917717
2460684,s514917352
2460684,s2417394
2460684,s2535353
2460684,s924482
2460684,s2309422
2460684,s16565398
2460684,s556442142
2460684,s109700482
2460684,s10242826
2460684,s3104591
2460684,s85284596
2460684,s460325432
2460684,s8042938
2460684,s1101427
2460684,s84797055
2460684,s135373124
2460684,s512665762
2460684,s133583416
2460684,s80449442
2460684,s10302369
2460684,s69743226
2460684,s88998697
2460684,s411446262
2460684,s496911822
2460684,s1175777
2460684,s4288413
2460684,s488908102
2460684,s88901389
2460684,s395273652
2460684,s56890351
2460684,s78540366
2460684,s128099517
2460684,s2889906
2460684,s512812712
2460684,s10285017
2460684,s562764502
2460684,s559433712
2460684,s7179888
2460684,s10114382
2460684,s109176426
2460684,s555959822
2460684,s483074992
2460684,s350055581
2460684,s135373118
2460684,s128956410
2460684,s917719
2460684,s68513610
2460684,s65554277
2460684,s13131689
2460684,s111785432
2460684,s2185787
2460684,s6043248
2460684,s132031432
2460684,s572358832
2460684,s136142014
2460684,s10114381
2460684,s739870792
2460684,s513166232
2460684,s37618361
2460684,s586961162
2460684,s128956378
2460684,s927924
2460684,s78540362
2460684,s2435115
2460684,s13949551
2460684,s62166912
2460684,s7225639
2460684,s515170252
2460684,s141339841
2460684,s408523532
2460684,s69006961
2460684,s7544438
2460684,s62269172
2460684,s3177037
2460684,s13025826
2460684,s141105569
2584297,s10762532
2584297,s387447411
2584297,s452224802
2584297,s65003962
2584297,s880413502
2584297,s699444762
2584297,s934032402
2584297,s3100444
2584297,s5107442
2584297,s971288922
2584297,s3120617
2584297,s670541982
2584297,s3148068
2584297,s1145131
2584297,s2295369
2584297,s134086664
2584297,s460141582
2584297,s574655072
2584297,s845209962
2584297,s823638592
2584297,s5937861
2584297,s457686912
2584297,s2292979
2584297,s65418555
2584297,s358440491
2584297,s103847132
2584297,s679580242
2584297,s751138142
2584297,s496627952
2584297,s847225
2584297,s61872106
2584297,s12493507
2584297,s64746187
2584297,s14232493
2584297,s62953958
2584297,s80318346
2584297,s17530544
2584297,s7674891
2584297,s14232494
2584297,s12744083
2584297,s934032362
2584297,s3823114
2584297,s412535412
2584297,s880413542
2584297,s574674452
2584297,s3583673
2584297,s474289982
2584297,s10774608
2584297,s432739132
2584297,s108673648
2584297,s104190048
2584297,s541399
2584297,s127477977
2584297,s5078810
2584297,s64448999
2584297,s95529098
2584297,s346701041
2584297,s127477973
2584297,s677208
2584297,s916216442
2584297,s916386232
2584297,s2303728
2584297,s66025020
2584297,s98067676
2584297,s982602
2584297,s18063013
2584297,s77046390
2584297,s71966847
2584297,s109703514
2584297,s85985275
2584297,s751138152
2584297,s934032352
2584297,s69001869
2584297,s3117869
2584297,s599021442
2584297,s4671202
2584297,s792870592
2584297,s577855462
2584297,s60891310
2584297,s5616354
2584297,s3051578
2584297,s880413482
2584297,s916216452
2584297,s2577132
2584297,s885615812
2584297,s564117422
2584297,s16030615
2584297,s788825
2584297,s14232486
2584297,s5305187
2584297,s694220122
2584297,s574674392
2584297,s916216482
2584297,s3960972
2584297,s98067644
2584297,s564476452
2584297,s934032342
2584297,s86182187
2584297,s143981424
2584297,s5305190
2813353,s576475752
2813353,s741602742
2813353,s4315382
2813353,s363657201
2813353,s755383602
2813353,s641978842
2813353,s775726912
2813353,s13191327
2813353,s13705227
2813353,s4124645
2813353,s661508302
2813353,s641978802
2813353,s641978882
2813353,s748927182
2813353,s70346707
2813353,s779423872
2813353,s654282262
2813353,s363657141
2813353,s384071181
2813353,s812351152
2813353,s775692912
2813353,s384071241
2813353,s120808368
2813353,s363657111
2813353,s748927152
2813353,s707442792
2813353,s661508322
2813353,s4124648
2813353,s110956526
2813353,s641978792
2813353,s384053091
2813353,s775692922
2813353,s532452972
2813353,s120808382
2813353,s532452982
2813353,s701760992
2813353,s138684473
2813353,s775726892
2813353,s474415562
2813353,s4315310
2813353,s384071191
2813353,s70346708
2813353,s363657131
2813353,s64649758
2813353,s378386531
2813353,s140787083
2813353,s576475762
2813353,s378386471
2813353,s755383682
2813353,s116958864
2813353,s66413294
2813353,s812351222
2813353,s763450382
2813353,s120808366
2813353,s13191325
2813353,s661508332
2813353,s384053141
2813353,s796292562
2813353,s775726932
2813353,s641978812
2813353,s775692932
2813353,s378386491
2813353,s13705231
2813353,s802726742
2813353,s779423852
2813353,s457602412
2813353,s812351202
2813353,s812351282
2813353,s66413299
2813353,s812351232
2813353,s140787063
2813353,s93383114
2813353,s701760892
2813353,s74307837
2813353,s620298362
2813353,s74307823
2813353,s532452962
2813353,s576475842
2813353,s64649753
2813353,s74307830
2813353,s68100084
2813353,s812351162
2813353,s755383612
2813353,s748927202
2813353,s64649755
2813353,s140787081
2813353,s378386511
2813353,s384071261
2813353,s66506871
2813353,s775726882
2813353,s775692942
2813353,s74307828
2813353,s13705230
2813353,s93383116
2813353,s139831129
2813353,s13191329
2813353,s138684467
2813353,s732002872
2813353,s121931266
2813353,s741602802
3115554,s513308332
3115554,s122440564
3115554,s5105087
3115554,s4506819
3115554,s7410817
3115554,s113366534
3115554,s84791743
3115554,s3016114
3115554,s142144213
3115554,s357502961
3115554,s139470659
3115554,s3593330
3115554,s105960912
3115554,s137740111
3115554,s129633750
3115554,s85963521
3115554,s70093477
3115554,s447098092
3115554,s1097843
3115554,s3196931
3115554,s469283072
3115554,s69879250
3115554,s67596614
3115554,s35407931
3115554,s107233568
3115554,s121121260
3115554,s121178776
3115554,s137740109
3115554,s59548051
3115554,s97296276
3115554,s1166323
3115554,s142253723
3115554,s392355262
3115554,s5835727
3115554,s459661302
3115554,s142704144
3115554,s118627744
3115554,s4677403
3115554,s348183631
3115554,s93477356
3115554,s4726282
3115554,s134494896
3115554,s40963991
3115554,s135877114
3115554,s138623795
3115554,s136802580
3115554,s130890802
3115554,s5896295
3115554,s346050151
3115554,s372654431
3115554,s97158472
3115554,s100751774
3115554,s369108791
3115554,s102725368
3115554,s84001167
3115554,s5094555
3115554,s3593344
3115554,s144274274
3115554,s145014606
3115554,s4761593
3115554,s12504488
3115554,s138218729
3115554,s350055581
3115554,s350546821
3115554,s83753452
3115554,s522178362
3115554,s105836648
3115554,s65723649
3115554,s349385251
3115554,s2716629
3115554,s142986204
3115554,s119060244
3115554,s119808396
3115554,s137728875
3115554,s114119056
3115554,s84781919
3115554,s84791735
3115554,s505015222
3115554,s82917990
3115554,s102400506
3115554,s107466062
3115554,s88647769
3115554,s142335441
3115554,s65818851
3115554,s103515082
3115554,s401788962
3115554,s142473111
3115554,s10239042
3115554,s103738996
3115554,s2193241
3115554,s139033639
3115554,s130384838
3115554,s64332453
3115554,s126011307
3115554,s100479298
3115554,s908686
3115554,s418384382
3115554,s142025497
3115554,s419217652
3115554,s347525111
3252550,s613420952
3252550,s422202502
3252550,s144250234
3252550,s456379902
3252550,s61700771
3252550,s498130042
3252550,s70565977
3252550,s496117872
3252550,s438850292
3252550,s7382555
3252550,s110663020
3252550,s410028532
3252550,s567649
3252550,s111780412
3252550,s426597552
3252550,s7488823
3252550,s7488827
3252550,s585584062
3252550,s872421772
3252550,s10239544
3252550,s115550632
3252550,s880571292
3252550,s2781933
3252550,s16433501
3252550,s735700912
3252550,s90630493
3252550,s503260402
3252550,s65475290
3252550,s18161890
3252550,s475334062
3252550,s3599559
3252550,s3296749
3252550,s891208452
3252550,s641517922
3252550,s10769094
3252550,s562793
3252550,s371182221
3252550,s13783449
3252550,s644021082
3252550,s829166192
3252550,s739870792
3252550,s118986142
3252550,s549810842
3252550,s100356872
3252550,s891208472
3252550,s359305031
3252550,s70079770
3252550,s451648352
3252550,s7488826
3252550,s1026676342
3252550,s4688231
3252550,s136336110
3252550,s596005282
3252550,s131699200
3252550,s1097838
3252550,s99954708
3252550,s695177212
3252550,s475164212
3252550,s538709622
3252550,s100052800
3252550,s570285072
3252550,s12000460
3252550,s14340429
3252550,s360308371
3252550,s120253468
3252550,s500631592
3252550,s540138302
3252550,s61700781
3252550,s513823092
3252550,s95890670
3252550,s561856952
3252550,s800100342
3252550,s136331258
3252550,s9938661
3252550,s7488825
3252550,s90006589
3252550,s625842
3252550,s115550638
3252550,s13128242
3252550,s939126452
3252550,s931798262
3252550,s886766742
3252550,s487764942
3252550,s482918102
3252550,s139874527
3252550,s546116522
3252550,s3134021
3252550,s113082030
3252550,s1079668
3252550,s131226998
3252550,s5432126
3252550,s450365092
3252550,s7488824
3252550,s833678952
3252550,s2681004
3252550,s906190462
3252550,s514925522
3252550,s124237488
3252550,s91018665
3252550,s112865384
3283594,s887498032
3283594,s76841927
3283594,s87769551
3283594,s811117432
3283594,s2550600
3283594,s3567808
3283594,s3152709
3283594,s1168847
3283594,s66881857
3283594,s2307737
3283594,s3614317
3283594,s249485
3283594,s2506859
3283594,s945217
3283594,s391727202
3283594,s144475792
3283594,s2794654
3283594,s485136492
3283594,s3088609
3283594,s7043005
3283594,s3098301
3283594,s407171262
3283594,s567168672
3283594,s500084792
3283594,s4180392
3283594,s795055292
3283594,s3391591
3283594,s811952872
3283594,s482643482
3283594,s3088860
3283594,s3167612
3283594,s14775491
3283594,s784053812
3283594,s79811838
3283594,s2963074
3283594,s717714902
3283594,s128739935
3283594,s636899562
3283594,s66881850
3283594,s141337083
3283594,s112393726
3283594,s7163212
3283594,s359181611
3283594,s3128917
3283594,s3128004
3283594,s855205012
3283594,s2686266
3283594,s114388910
3283594,s710206212
3283594,s120157528
3283594,s914108092
3283594,s15439247
3283594,s4299871
3283594,s16772497
3283594,s61397213
3283594,s867045182
3283594,s1109730
3283594,s7164022
3283594,s84165561
3283594,s104378058
3283594,s5367498
3283594,s90265557
3283594,s579813
3283594,s65440511
3283594,s4605068
3283594,s675801
3283594,s5896949
3283594,s1015793062
3283594,s686064712
3283594,s102086984
3283594,s15143772
3283594,s114069714
3283594,s12809317
3283594,s561856792
3283594,s1049098302
3283594,s74891895
3283594,s3456077
3283594,s107991816
3283594,s1108337
3283594,s235469
3283594,s1132232
3283594,s702098402
3283594,s1072800342
3283594,s908604622
3283594,s870181772
3283594,s428850812
3283594,s73346235
3283594,s78711129
3283594,s3134143
3283594,s459472042
3283594,s512214072
3283594,s4945407
3283594,s630828732
3283594,s977948
3283594,s630828742
3283594,s827463672
3283594,s2456885
3283594,s116348656
3283594,s696420922
3283594,s1579474
3440614,s7325788
3440614,s927718
3440614,s882268
3440614,s7325789
3440614,s884090
3440614,s751055
3440614,s911241
3440614,s1112993
3440614,s1112992
3440614,s2849830
3440614,s3092376
3440614,s7325808
3440614,s7325805
3440614,s927717
3440614,s7325796
3440614,s35952511
3440614,s762666
3440614,s7325800
3440614,s4368116
3440614,s833587
3440614,s7325793
3440614,s7325801
3440614,s4619466
3440614,s1583108
3440614,s2245401
3440614,s782937
3440614,s2153258
3440614,s7325790
3440614,s7677788
3440614,s3105195
3440614,s782882
3440614,s567501
3440614,s3826647
3440614,s1226426
3440614,s3826643
3440614,s7325804
3440614,s786449
3440614,s7325792
3440614,s3829143
3440614,s3105190
3440614,s4311268
3440614,s2204387
3440614,s3155996
3440614,s917257
3440614,s7325809
3440614,s1112991
3440614,s6274857
3440614,s788930
3440614,s7325794
3440614,s548645
3440614,s1115431
3440614,s923052
3440614,s7325803
3440614,s3826648
3440614,s66314859
3440614,s1395581
3440614,s2674807
3440614,s4694989
3440614,s3826645
3440614,s7325802
3440614,s278333
3440614,s596109
3440614,s3826650
3440614,s7325807
3440614,s3829144
3440614,s3083376
3440614,s2120967
3440614,s909798
3440614,s706344
3440614,s66314860
3440614,s909739
3440614,s787115
3440614,s876536
3440614,s882413
3440614,s909796
3440614,s7325797
3440614,s2714414
3440614,s4311272
3440614,s1134377
3440614,s1112193
3440614,s788894
3440614,s3060679
3440614,s764980
3440614,s7325795
3440614,s7325798
3440614,s3065366
3440614,s806605
3440614,s1136200
3440614,s882690
3440614,s1112995
3440614,s3092378
3440614,s7325806
3440614,s7325791
3440614,s3826644
3440614,s7325799
3440614,s786778
3440614,s3829140
3440614,s4311271
3440614,s547534
3440614,s3122115
3612722,s916380
3612722,s403584152
3612722,s5093780
3612722,s71420311
3612722,s110044686
3612722,s1035785
3612722,s2814112
3612722,s488219722
3612722,s4654305
3612722,s78915856
3612722,s1039108362
3612722,s77918556
3612722,s249490
3612722,s115684584
3612722,s114493702
3612722,s367439941
3612722,s6637662
3612722,s1105744
3612722,s3107478
3612722,s751138162
3612722,s70143120
3612722,s462885762
3612722,s72280979
3612722,s354703421
3612722,s52688341
3612722,s594884
3612722,s92720036
3612722,s550023862
3612722,s119706500
3612722,s137200732
3612722,s1143619
3612722,s6579515
3612722,s345114521
3612722,s59777571
3612722,s71887733
3612722,s13139073
3612722,s18063013
3612722,s92719906
3612722,s75290540
3612722,s75290546
3612722,s68963842
3612722,s2114402
3612722,s70060584
3612722,s4585793
3612722,s5151905
3612722,s498469832
3612722,s70060583
3612722,s462557032
3612722,s97173548
3612722,s462911912
3612722,s88003859
3612722,s71966847
3612722,s3730932
3612722,s95890670
3612722,s363046021
3612722,s140869465
3612722,s727923522
3612722,s850423
3612722,s37734411
3612722,s61064534
3612722,s2718209
3612722,s79223833
3612722,s67354825
3612722,s5093774
3612722,s3143047
3612722,s1567800
3612722,s16487523
3612722,s5093775
3612722,s95890634
3612722,s2498862
3612722,s66609426
3612722,s3757018
3612722,s3143048
3612722,s117678828
3612722,s92720102
3612722,s135215110
3612722,s700277
3612722,s119291064
3612722,s2320570
3612722,s2114399
3612722,s846820
3612722,s10180137
3612722,s138545995
3612722,s138623795
3612722,s74620409
3612722,s4437784
3612722,s17828092
3612722,s465657472
3612722,s119716164
3612722,s142797438
3612722,s3846029
3612722,s115242122
3612722,s90379179
3612722,s623697442
3612722,s5495952
3612722,s71129377
3612722,s865534
3612722,s3135034
3612722,s92216462
3612722,s906662
3705895,s77725101
3705895,s34431191
3705895,s72936010
3705895,s77349244
3705895,s65461710
3705895,s68405882
3705895,s71610327
3705895,s69811042
3705895,s66190277
3705895,s70403440
3705895,s16015036
3705895,s76026796
3705895,s76026795
3705895,s76026793
3705895,s16976604
3705895,s68734597
3705895,s69941964
3705895,s76277926
3705895,s60901819
3705895,s61142290
3705895,s65735115
3705895,s70266763
3705895,s71071783
3705895,s74599263
3705895,s74418346
3705895,s925111
3705895,s71090283
3705895,s75526543
3705895,s72795471
3705895,s931338
3705895,s70372808
3705895,s69811055
3705895,s924800
3705895,s60977514
3705895,s72795470
3705895,s67563962
3705895,s39544531
3705895,s68947757
3705895,s71645433
3705895,s76277928
3705895,s69811036
3705895,s71404830
3705895,s68764388
3705895,s924797
3705895,s67563952
3705895,s538677
3705895,s79185203
3705895,s34179481
3705895,s73617328
3705895,s1112863
3705895,s10584174
3705895,s77349254
3705895,s74403112
3705895,s65759979
3705895,s18472071
3705895,s74126483
3705895,s69941973
3705895,s66554898
3705895,s75502841
3705895,s67563950
3705895,s2675175
3705895,s17510316
3705895,s67319571
3705895,s70506864
3705895,s75768941
3705895,s70566205
3705895,s65310735
3705895,s66901325
3705895,s75502846
3705895,s70322141
3705895,s77349255
3705895,s69959816
3705895,s61172989
3705895,s71067421
3705895,s70231612
3705895,s67592092
3705895,s4187385
3705895,s13693688
3705895,s79569152
3705895,s71738557
3705895,s79542042
3705895,s68734592
3705895,s60904700
3705895,s925829
3705895,s14598352
3705895,s69574422
3705895,s68420009
3705895,s69811038
3705895,s70640494
3705895,s51867991
3705895,s38019911
3705895,s78224198
3705895,s71610330
3705895,s63461031
3705895,s74599258
3705895,s72274854
3705895,s16331228
3705895,s73982869
3705895,s75526217
3705895,s67563953
4025591,s110728358
4025591,s1176416
4025591,s463767982
4025591,s463026332
4025591,s134527358
4025591,s397729462
4025591,s87961311
4025591,s64848628
4025591,s107541556
4025591,s2189036
4025591,s79223833
4025591,s82241406
4025591,s367760871
4025591,s457266442
4025591,s725971
4025591,s79875064
4025591,s79875054
4025591,s127121959
4025591,s70780753
4025591,s4563489
4025591,s7379246
4025591,s119872188
4025591,s6255193
4025591,s505030202
4025591,s141837653
4025591,s78230169
4025591,s123598910
4025591,s370862961
4025591,s123598914
4025591,s463768012
4025591,s2164609
4025591,s1147955
4025591,s3568180
4025591,s121125880
4025591,s92216462
4025591,s98664392
4025591,s429294992
4025591,s67671314
4025591,s507214402
4025591,s1176414
4025591,s962260
4025591,s17324427
4025591,s404354862
4025591,s16668499
4025591,s122213360
4025591,s124237488
4025591,s5919429
4025591,s127121961
4025591,s15642208
4025591,s3127387
4025591,s3958522
4025591,s422139112
4025591,s68953694
4025591,s119627618
4025591,s916213
4025591,s451790082
4025591,s127121957
4025591,s65534031
4025591,s518482302
4025591,s226992
4025591,s6255194
4025591,s8174381
4025591,s615204
4025591,s5919418
4025591,s3155466
4025591,s71590745
4025591,s7379255
4025591,s122706180
4025591,s16467432
4025591,s127121975
4025591,s5527342
4025591,s78230185
4025591,s140761589
4025591,s362786011
4025591,s119627606
4025591,s4732805
4025591,s4013664
4025591,s3148087
4025591,s7406583
4025591,s2103366
4025591,s956330
4025591,s78230175
4025591,s498130042
4025591,s67671318
4025591,s134830986
4025591,s374666471
4025591,s4677402
4025591,s130302638
4025591,s69000284
4025591,s5490598
4025591,s84371025
4025591,s81709846
4025591,s12817764
4025591,s75723829
4025591,s122927594
4025591,s93915916
4025591,s16239247
4025591,s5698205
4025591,s4008548
4025591,s15642210
4590762,s695870892
4590762,s923753882
4590762,s67239342
4590762,s569831942
4590762,s798382542
4590762,s129926464
4590762,s680950222
4590762,s661770
4590762,s886766742
4590762,s715881712
4590762,s592771082
4590762,s789606
4590762,s715881682
4590762,s776125082
4590762,s576857922
4590762,s143171642
4590762,s3087746
4590762,s869941882
4590762,s2148749
4590762,s86002535
4590762,s741082962
4590762,s811910272
4590762,s776125232
4590762,s661878
4590762,s666107452
4590762,s468390352
4590762,s953606
4590762,s682627302
4590762,s3579013
4590762,s991348192
4590762,s914108092
4590762,s647840032
4590762,s661762
4590762,s624638402
4590762,s661752
4590762,s739870792
4590762,s475164212
4590762,s4252998
4590762,s481926312
4590762,s825986992
4590762,s136196572
4590762,s661775
4590762,s819736552
4590762,s72427140
4590762,s661754
4590762,s72717420
4590762,s661875
4590762,s901365712
4590762,s721252742
4590762,s775724372
4590762,s662153222
4590762,s72427145
4590762,s113876568
4590762,s661772
4590762,s103052662
4590762,s66609426
4590762,s933778442
4590762,s3149590
4590762,s2170520
4590762,s139787519
4590762,s661877
4590762,s661769
4590762,s15165360
4590762,s641517922
4590762,s661757
4590762,s661749
4590762,s10240182
4590762,s120925398
4590762,s739421522
4590762,s3149589
4590762,s661773
4590762,s693398742
4590762,s661765
4590762,s913452362
4590762,s371593461
4590762,s661880
4590762,s139637047
4590762,s905177652
4590762,s926340752
4590762,s727604702
4590762,s67957411
4590762,s546875592
4590762,s661760
4590762,s661747
4590762,s614756502
4590762,s767774712
4590762,s103052650
4590762,s2692977
4590762,s661777
4590762,s661779
4590762,s412184692
4590762,s796825222
4590762,s89077555
4590762,s661756
4590762,s2315311
4590762,s564412912
4590762,s661767
4590762,s661750
4590762,s615570352
4590762,s661758
4611015,s2516603
4611015,s15904504
4611015,s67306616
4611015,s116531152
4611015,s2254110
4611015,s2516591
4611015,s69879253
4611015,s555366
4611015,s773367
4611015,s3898178
4611015,s926691372
4611015,s648855322
4611015,s1109731
4611015,s71661567
4611015,s520101792
4611015,s80722272
4611015,s1132150
4611015,s354918021
4611015,s361305911
4611015,s794751
4611015,s552425
4611015,s4764224
4611015,s120802360
4611015,s481416332
4611015,s983238
4611015,s3097549
4611015,s414838182
4611015,s62082829
4611015,s2307751
4611015,s992126322
4611015,s71590748
4611015,s63401193
4611015,s78671166
4611015,s43355861
4611015,s69217047
4611015,s65208176
4611015,s125534414
4611015,s553571922
4611015,s7741559
4611015,s2267042
4611015,s581235412
4611015,s489012982
4611015,s833604202
4611015,s106733772
4611015,s796825132
4611015,s71253927
4611015,s925750
4611015,s621314502
4611015,s686840772
4611015,s132123630
4611015,s422280622
4611015,s73137155
4611015,s545992732
4611015,s501142942
4611015,s6579511
4611015,s88476275
4611015,s369711491
4611015,s3276708
4611015,s794771
4611015,s107898440
4611015,s983248
4611015,s417371002
4611015,s3134129
4611015,s143987374
4611015,s79257215
4611015,s475164462
4611015,s75867424
4611015,s814623182
4611015,s69962764
4611015,s659688492
4611015,s458531462
4611015,s67535294
4611015,s659688382
4611015,s368714061
4611015,s142797438
4611015,s497479282
4611015,s4762933
4611015,s138791745
4611015,s15139378
4611015,s3106446
4611015,s357548311
4611015,s2516589
4611015,s43355851
4611015,s576963472
4611015,s461704082
4611015,s106095086
4611015,s886153
4611015,s69217052
4611015,s475164242
4611015,s417370992
4611015,s133165774
4611015,s986429812
4611015,s92719900
4611015,s518458092
4611015,s907864
4611015,s1035785
4611015,s2516593
4611015,s3135183
4611015,s4762941
4611015,s2554556
4723876,s3413187
4723876,s2680160
4723876,s93117550
4723876,s1101413
4723876,s70206826
4723876,s142922148
4723876,s434591662
4723876,s18071462
4723876,s79036873
4723876,s431467462
4723876,s4158682
4723876,s7667136
4723876,s405676222
4723876,s402689232
4723876,s75372931
4723876,s137231520
4723876,s65440757
4723876,s434591542
4723876,s84574205
4723876,s63226621
4723876,s410114662
4723876,s391727202
4723876,s1579481
4723876,s79875064
4723876,s97206060
4723876,s449202822
4723876,s111780412
4723876,s95965912
4723876,s402689222
4723876,s132479806
4723876,s79875050
4723876,s2271570
4723876,s375157651
4723876,s60741560
4723876,s107811124
4723876,s82917942
4723876,s402689202
4723876,s17199793
4723876,s422201662
4723876,s429341152
4723876,s400418982
4723876,s142986206
4723876,s142329655
4723876,s125513632
4723876,s453079572
4723876,s12804089
4723876,s74512556
4723876,s381085791
4723876,s139971109
4723876,s144948552
4723876,s833971
4723876,s374132961
4723876,s402689212
4723876,s368819431
4723876,s712077
4723876,s772247
4723876,s74512564
4723876,s434591562
4723876,s79257215
4723876,s453079562
4723876,s72417244
4723876,s453079592
4723876,s75817645
4723876,s99358978
4723876,s434591592
4723876,s104345820
4723876,s64898844
4723876,s368714061
4723876,s12687716
4723876,s136806228
4723876,s132479802
4723876,s2438598
4723876,s414655992
4723876,s139470659
4723876,s67848121
4723876,s132200708
4723876,s969349
4723876,s382270551
4723876,s434591582
4723876,s2271566
4723876,s3376536
4723876,s66190268
4723876,s393832852
4723876,s72858805
4723876,s95890634
4723876,s2271562
4723876,s367550531
4723876,s67238732
4723876,s453266282
4723876,s39544381
4723876,s368700061
4723876,s349290081
4723876,s94295406
4723876,s94195822
4723876,s434591622
4723876,s77096690
4723876,s880181
4723876,s142986208
4723876,s141827557
4723876,s132479804
5078461,s61397207
5078461,s122222826
5078461,s61397215
5078461,s122222816
5078461,s46263141
5078461,s46300831
5078461,s61397418
5078461,s2330331
5078461,s8104145
5078461,s46275941
5078461,s61397211
5078461,s46323421
5078461,s46263021
5078461,s8104628
5078461,s61397200
5078461,s14396051
5078461,s124165330
5078461,s105808938
5078461,s86044539
5078461,s46306091
5078461,s46251441
5078461,s61397217
5078461,s46251511
5078461,s566623
5078461,s8104220
5078461,s61397212
5078461,s77591132
5078461,s61397206
5078461,s46305941
5078461,s7740290
5078461,s61397203
5078461,s122222810
5078461,s61397005
5078461,s1680944
5078461,s61397416
5078461,s61397422
5078461,s61397424
5078461,s61397216
5078461,s61397209
5078461,s61471448
5078461,s65493316
5078461,s61396991
5078461,s77591111
5078461,s61424403
5078461,s136333646
5078461,s46251471
5078461,s548365
5078461,s112684148
5078461,s61397208
5078461,s46251431
5078461,s67934942
5078461,s78479799
5078461,s1217998
5078461,s136804798
5078461,s112684156
5078461,s67934952
5078461,s10794695
5078461,s67934957
5078461,s61424385
5078461,s61397420
5078461,s985278
5078461,s46306801
5078461,s122222814
5078461,s122222812
5078461,s17199784
5078461,s61424369
5078461,s238244
5078461,s46251491
5078461,s122222822
5078461,s61397425
5078461,s61397201
5078461,s61397210
5078461,s61424367
5078461,s61424482
5078461,s61396986
5078461,s46306081
5078461,s573486
5078461,s61424506
5078461,s8104137
5078461,s61397433
5078461,s61424518
5078461,s8105086
5078461,s61397202
5078461,s1680861
5078461,s122222820
5078461,s122222824
5078461,s122222818
5078461,s96646392
5078461,s136804782
5078461,s61397213
5078461,s8773787
5078461,s8104133
5078461,s61424388
5078461,s46251461
5078461,s61397440
5078461,s136804784
5078461,s61396976
5078461,s136804788
5078461,s65220769
5078461,s61424465
5118921,s1142460
5118921,s365915431
5118921,s513860322
5118921,s98000266
5118921,s115631032
5118921,s115631012
5118921,s424536952
5118921,s962206
5118921,s1434199
5118921,s302736
5118921,s1697573
5118921,s115631036
5118921,s585611582
5118921,s441137212
5118921,s586961262
5118921,s1117105
5118921,s1056288
5118921,s98536828
5118921,s71999826
5118921,s417322282
5118921,s543575362
5118921,s833004
5118921,s735363662
5118921,s2189036
5118921,s13178998
5118921,s497152132
5118921,s530221211
5118921,s71294452
5118921,s1579481
5118921,s411355432
5118921,s470105202
5118921,s635327642
5118921,s4089421
5118921,s623798
5118921,s665396692
5118921,s3466565
5118921,s17545198
5118921,s68491167
5118921,s12754565
5118921,s115631022
5118921,s115631026
5118921,s69875041
5118921,s1117109
5118921,s55016671
5118921,s412534402
5118921,s3134405
5118921,s2677843
5118921,s7606410
5118921,s4586925
5118921,s105039836
5118921,s1103968
5118921,s445788752
5118921,s115631034
5118921,s895729
5118921,s98227006
5118921,s65938188
5118921,s115631016
5118921,s3096090
5118921,s1126572
5118921,s70780760
5118921,s32936091
5118921,s129635070
5118921,s5527342
5118921,s115631028
5118921,s583177702
5118921,s2006266
5118921,s66033452
5118921,s662395152
5118921,s65253284
5118921,s142704126
5118921,s5616769
5118921,s2254164
5118921,s2319418
5118921,s475796482
5118921,s5843726
5118921,s1094553
5118921,s6669677
5118921,s100306972
5118921,s10186322
5118921,s519088112
5118921,s115631014
5118921,s423598292
5118921,s115631030
5118921,s598221342
5118921,s3276720
5118921,s81065466
5118921,s87219459
5118921,s370832031
5118921,s124934792
5118921,s115631020
5118921,s122213334
5118921,s5969100
5118921,s648683342
5118921,s115631018
5118921,s61794386
5118921,s570034562
5118921,s115631024
5118921,s3766407
5118921,s70273967
5118921,s562766612
5178375,s96309466
5178375,s78299453
5178375,s3658608
5178375,s69579620
5178375,s97191170
5178375,s10217417
5178375,s3765243
5178375,s2838696
5178375,s78299452
5178375,s9838399
5178375,s76211027
5178375,s10217420
5178375,s8170826
5178375,s15105639
5178375,s10217412
5178375,s66730178
5178375,s101609275
5178375,s10217421
5178375,s12839921
5178375,s66299108
5178375,s73014256
5178375,s10217425
5178375,s8170821
5178375,s77470456
5178375,s93980976
5178375,s71608455
5178375,s10217419
5178375,s93980984
5178375,s78915853
5178375,s1952131
5178375,s2813176
5178375,s10217414
5178375,s8170819
5178375,s273998
5178375,s10217422
5178375,s8170818
5178375,s74741358
5178375,s75139432
5178375,s66730182
5178375,s14134213
5178375,s63834634
5178375,s76010539
5178375,s8170823
5178375,s80561460
5178375,s66730183
5178375,s72047816
5178375,s84634149
5178375,s99836766
5178375,s75079268
5178375,s93980980
5178375,s10217426
5178375,s10217416
5178375,s77810549
5178375,s93980974
5178375,s66730185
5178375,s73588587
5178375,s93980982
5178375,s10217423
5178375,s7363006
5178375,s10217418
5178375,s95578756
5178375,s14134210
5178375,s71608462
5178375,s66957788
5178375,s75916619
5178375,s8170817
5178375,s78915850
5178375,s90603863
5178375,s119347382
5178375,s75139433
5178375,s104627632
5178375,s10217424
5178375,s93980978
5178375,s83872780
5178375,s66299109
5178375,s16419099
5178375,s8170825
5178375,s91225384
5178375,s100219762
5178375,s66730179
5178375,s81060376
5178375,s117929448
5178375,s10217415
5178375,s10217411
5178375,s8170822
5178375,s70662164
5178375,s68107842
5178375,s8170824
5178375,s93851640
5178375,s66730184
5178375,s86387581
5178375,s6408403
5178375,s3129325
5178375,s8170820
5178375,s66730180
5178375,s10217413
5178375,s66730181
5178375,s37739311
5178375,s14134211
5178375,s79797256
5375409,s555639
5375409,s5404546
5375409,s4209626
5375409,s68175449
5375409,s134536246
5375409,s8117590
5375409,s112662268
5375409,s355036801
5375409,s2173929
5375409,s606152
5375409,s2192845
5375409,s355814421
5375409,s376386131
5375409,s134527024
5375409,s4096640
5375409,s4603408
5375409,s61142286
5375409,s70697364
5375409,s112662368
5375409,s115085498
5375409,s543892482
5375409,s92962970
5375409,s2603801
5375409,s143783500
5375409,s61768454
5375409,s19071771
5375409,s124067434
5375409,s132723692
5375409,s98766678
5375409,s15457312
5375409,s395664742
5375409,s3220721
5375409,s91728740
5375409,s62317760
5375409,s143171642
5375409,s2112735
5375409,s3147938
5375409,s7270171
5375409,s1114651
5375409,s919221
5375409,s140850467
5375409,s72904337
5375409,s53818671
5375409,s5975373
5375409,s134527930
5375409,s2795612
5375409,s849436
5375409,s54519711
5375409,s542009
5375409,s115707014
5375409,s132042586
5375409,s117678828
5375409,s2566249
5375409,s4123014
5375409,s3220717
5375409,s969220
5375409,s541999
5375409,s74598346
5375409,s632283
5375409,s400521972
5375409,s123883254
5375409,s116816828
5375409,s117304364
5375409,s5975370
5375409,s113536504
5375409,s541994
5375409,s542017
5375409,s14164454
5375409,s121593956
5375409,s389635791
5375409,s599305
5375409,s92734438
5375409,s582084
5375409,s7270237
5375409,s8142056
5375409,s366297921
5375409,s13394788
5375409,s3360270
5375409,s77747294
5375409,s351485511
5375409,s393512402
5375409,s127246869
5375409,s565056
5375409,s76494591
5375409,s124237488
5375409,s74431797
5375409,s122552782
5375409,s100598482
5375409,s2242031
5375409,s355750241
5375409,s130864292
5375409,s134536244
5375409,s137743619
5375409,s968929
5375409,s615819
5375409,s2204604
5375409,s1438174
5375409,s14632486
5375409,s3588302
5375409,s137743637
5390368,s62724015
5390368,s107994792
5390368,s130878800
5390368,s2958491
5390368,s2599932
5390368,s9909707
5390368,s676011722
5390368,s362739201
5390368,s422747282
5390368,s16786954
5390368,s2546670
5390368,s224802
5390368,s9909710
5390368,s11176179
5390368,s86358625
5390368,s876671
5390368,s729591502
5390368,s4225037
5390368,s8086126
5390368,s660703322
5390368,s108733472
5390368,s137966737
5390368,s3147292
5390368,s877039
5390368,s66771940
5390368,s5621303
5390368,s9909708
5390368,s113550912
5390368,s583596802
5390368,s790521
5390368,s59385051
5390368,s1060900192
5390368,s111726274
5390368,s972669712
5390368,s82513166
5390368,s89159829
5390368,s3910582
5390368,s915420022
5390368,s113550902
5390368,s627002532
5390368,s117132276
5390368,s77940042
5390368,s6817668
5390368,s892804
5390368,s873045682
5390368,s790511
5390368,s265121
5390368,s124237488
5390368,s561257952
5390368,s1145125
5390368,s781944
5390368,s8086136
5390368,s77941220
5390368,s483201212
5390368,s906866
5390368,s610847452
5390368,s576851252
5390368,s4763165
5390368,s3788311
5390368,s119436470
5390368,s81768004
5390368,s395274192
5390368,s2277071
5390368,s78157459
5390368,s448895792
5390368,s3908860
5390368,s43002611
5390368,s73949552
5390368,s106095102
5390368,s3241325
5390368,s77627942
5390368,s470642432
5390368,s3908854
5390368,s856765032
5390368,s3908848
5390368,s550782192
5390368,s663929242
5390368,s784880
5390368,s100115948
5390368,s660703312
5390368,s877038
5390368,s59385041
5390368,s9909709
5390368,s113550942
5390368,s124986482
5390368,s3925073
5390368,s683119
5390368,s673431
5390368,s108631420
5390368,s118587386
5390368,s660703342
5390368,s837072642
5390368,s113550904
5390368,s2234907
5390368,s527894901
5390368,s82535414
5390368,s9909706
5390368,s138128007
5390368,s529900561
5390368,s30895801
5548174,s404076472
5548174,s970559652
5548174,s76256109
5548174,s72059818
5548174,s106506512
5548174,s119060242
5548174,s836327162
5548174,s71001296
5548174,s15523770
5548174,s1162527
5548174,s795436332
5548174,s108645840
5548174,s65439202
5548174,s119060244
5548174,s61424044
5548174,s70206829
5548174,s78867066
5548174,s71661567
5548174,s61424055
5548174,s119060238
5548174,s61424043
5548174,s61424050
5548174,s119060248
5548174,s492150022
5548174,s7446316
5548174,s72059817
5548174,s142343003
5548174,s61424057
5548174,s814518992
5548174,s3599712
5548174,s141334937
5548174,s362795841
5548174,s531755871
5548174,s73706047
5548174,s61424047
5548174,s119060256
5548174,s7044058
5548174,s743134232
5548174,s61424052
5548174,s119060262
5548174,s61424051
5548174,s605637392
5548174,s7446314
5548174,s775117
5548174,s74085452
5548174,s410374242
5548174,s119060258
5548174,s61424054
5548174,s61424049
5548174,s716383812
5548174,s480330042
5548174,s13897812
5548174,s2184743
5548174,s568433632
5548174,s23526771
5548174,s904992702
5548174,s137745477
5548174,s70912346
5548174,s119060254
5548174,s70078209
5548174,s982678
5548174,s119060252
5548174,s7446319
5548174,s452697252
5548174,s7446317
5548174,s2504331
5548174,s101215850
5548174,s117686792
5548174,s529034581
5548174,s655849012
5548174,s13684222
5548174,s13776209
5548174,s72059816
5548174,s3129748
5548174,s3130319
5548174,s65439200
5548174,s75327613
5548174,s23526721
5548174,s7446318
5548174,s99976952
5548174,s119060240
5548174,s61424053
5548174,s7446315
5548174,s61424056
5548174,s108645858
5548174,s61424045
5548174,s3130368
5548174,s119060260
5548174,s119060250
5548174,s790553372
5548174,s79967474
5548174,s485630602
5548174,s415761572
5548174,s745526
5548174,s743134262
5548174,s130890802
5548174,s132929552
5548174,s61424046
5548174,s61424048
5548174,s916424
5616461,s13620226
5616461,s3531026
5616461,s981988
5616461,s109703514
5616461,s117678828
5616461,s496538472
5616461,s3722354
5616461,s1644479
5616461,s95121106
5616461,s60200451
5616461,s79854632
5616461,s70411731
5616461,s92198180
5616461,s814945
5616461,s71129384
5616461,s10543788
5616461,s4158190
5616461,s81797220
5616461,s75139879
5616461,s65463778
5616461,s67148006
5616461,s13529559
5616461,s75072795
5616461,s1644459
5616461,s6719594
5616461,s116250446
5616461,s15556979
5616461,s64920076
5616461,s66190255
5616461,s66598148
5616461,s109213572
5616461,s110828972
5616461,s814885
5616461,s4538925
5616461,s3098840
5616461,s102035745
5616461,s3541189
5616461,s91519050
5616461,s3369201
5616461,s102875758
5616461,s6986925
5616461,s4538926
5616461,s10240194
5616461,s4624027
5616461,s64655430
5616461,s1090607
5616461,s73616508
5616461,s3166518
5616461,s74457141
5616461,s79587580
5616461,s6719593
5616461,s12724819
5616461,s65529505
5616461,s92734438
5616461,s13128738
5616461,s660248022
5616461,s10543784
5616461,s97342714
5616461,s97859546
5616461,s9911016
5616461,s3155470
5616461,s74418152
5616461,s67238735
5616461,s109702890
5616461,s5705845
5616461,s62507862
5616461,s109176400
5616461,s49306651
5616461,s15557070
5616461,s93029964
5616461,s76849955
5616461,s105960912
5616461,s6719598
5616461,s65626226
5616461,s4538930
5616461,s10543787
5616461,s93029960
5616461,s7369923
5616461,s6030261
5616461,s121921326
5616461,s18190270
5616461,s69091109
5616461,s4622349
5616461,s10543785
5616461,s58782251
5616461,s3969499
5616461,s126025089
5616461,s93029962
5616461,s124691982
5616461,s61102936
5616461,s69879254
5616461,s10543783
5616461,s79590714
5616461,s12210031
5616461,s112264768
5616461,s4540396
5616461,s69796482
5616461,s13141229
5616461,s78383190
5616461,s6719595
5647380,s66822216
5647380,s380503181
5647380,s1002168902
5647380,s395325802
5647380,s929534932
5647380,s834605542
5647380,s487062532
5647380,s72317802
5647380,s531618011
5647380,s128993090
5647380,s717454032
5647380,s130855276
5647380,s501142942
5647380,s626419
5647380,s902737682
5647380,s546822002
5647380,s103052884
5647380,s95113336
5647380,s923740862
5647380,s5062983
5647380,s2319418
5647380,s372985971
5647380,s532968232
5647380,s696245042
5647380,s857338042
5647380,s385097411
5647380,s128948300
5647380,s352779141
5647380,s145501426
5647380,s3148151
5647380,s610847532
5647380,s109760886
5647380,s706047292
5647380,s917611102
5647380,s1022220232
5647380,s393157072
5647380,s77784274
5647380,s135010102
5647380,s599047102
5647380,s3097551
5647380,s128743597
5647380,s127539479
5647380,s3289218
5647380,s595920
5647380,s745171012
5647380,s607071472
5647380,s652442502
5647380,s697968842
5647380,s135025836
5647380,s123214484
5647380,s79283019
5647380,s71678124
5647380,s68004069
5647380,s691160432
5647380,s565610452
5647380,s2178582
5647380,s770293952
5647380,s1049999812
5647380,s708907602
5647380,s347084281
5647380,s517097872
5647380,s511840232
5647380,s581222372
5647380,s3907349
5647380,s68960927
5647380,s134569663
5647380,s135949718
5647380,s860359172
5647380,s529577521
5647380,s81837522
5647380,s898651512
5647380,s354783111
5647380,s572175972
5647380,s350107201
5647380,s697960972
5647380,s212857
5647380,s715881762
5647380,s769757652
5647380,s622803412
5647380,s3056790
5647380,s76472317
5647380,s1036867142
5647380,s895171
5647380,s532968202
5647380,s82244430
5647380,s519797812
5647380,s124921654
5647380,s133166048
5647380,s715881702
5647380,s136345734
5647380,s137788229
5647380,s867661242
5647380,s79110653
5647380,s79084006
5647380,s137789281
5647380,s119872144
5647380,s543894102
5647380,s377730931
5647380,s397746622
5647380,s510179552
6112179,s576822202
6112179,s2178582
6112179,s2178578
6112179,s2429776
6112179,s2953247
6112179,s348385951
6112179,s3657796
6112179,s1048928
6112179,s6305086
6112179,s7399152
6112179,s908604612
6112179,s13241048
6112179,s2752137
6112179,s574570
6112179,s7845903
6112179,s581222272
6112179,s73195773
6112179,s7666203
6112179,s365915011
6112179,s552942362
6112179,s3153778
6112179,s714021962
6112179,s71967090
6112179,s475164192
6112179,s134533222
6112179,s546578
6112179,s681222662
6112179,s561856792
6112179,s561251332
6112179,s1104656
6112179,s2323294
6112179,s561856952
6112179,s662153222
6112179,s2300786
6112179,s3982486
6112179,s639566702
6112179,s2541028
6112179,s10770665
6112179,s576857872
6112179,s1019246
6112179,s132199630
6112179,s15159274
6112179,s6611231
6112179,s72037486
6112179,s136806224
6112179,s576857882
6112179,s15441754
6112179,s3146149
6112179,s379800061
6112179,s2178511
6112179,s912742
6112179,s1132159
6112179,s770294422
6112179,s510287882
6112179,s70484631
6112179,s54790571
6112179,s739870792
6112179,s1049989
6112179,s61096559
6112179,s7120489
6112179,s2963337
6112179,s6579511
6112179,s555960062
6112179,s624823
6112179,s2541017
6112179,s491032622
6112179,s354537121
6112179,s106451488
6112179,s659688382
6112179,s1151536
6112179,s409754542
6112179,s370951911
6112179,s576851252
6112179,s105353316
6112179,s532968202
6112179,s1151561
6112179,s715881712
6112179,s427935102
6112179,s7675612
6112179,s576857992
6112179,s1048888
6112179,s75072795
6112179,s61838227
6112179,s706840
6112179,s1048898
6112179,s128093333
6112179,s12924338
6112179,s1048903
6112179,s502971112
6112179,s701987532
6112179,s365915431
6112179,s3156223
6112179,s114392592
6112179,s141165473
6112179,s641517922
6112179,s2275918
6112179,s10996784
6112179,s435821682
6112179,s573699
6112179,s107995250
6139470,s84721917
6139470,s395338772
6139470,s1195496
6139470,s936899
6139470,s84721899
6139470,s561856792
6139470,s561856742
6139470,s2114406
6139470,s70403437
6139470,s655095912
6139470,s655095962
6139470,s16705333
6139470,s532589062
6139470,s136889434
6139470,s72314627
6139470,s3167612
6139470,s84721861
6139470,s97707066
6139470,s561856052
6139470,s96833342
6139470,s84721935
6139470,s84721915
6139470,s84721931
6139470,s2603200
6139470,s395273652
6139470,s1015065
6139470,s568120982
6139470,s616390672
6139470,s558528302
6139470,s540512132
6139470,s510287882
6139470,s69796482
6139470,s139904165
6139470,s382429641
6139470,s84721971
6139470,s84721859
6139470,s109704416
6139470,s71788159
6139470,s140575949
6139470,s6892607
6139470,s70266756
6139470,s3765260
6139470,s785344
6139470,s84721905
6139470,s541399
6139470,s539082112
6139470,s409963622
6139470,s3590282
6139470,s72363285
6139470,s3120992
6139470,s613420952
6139470,s68016602
6139470,s2429775
6139470,s955759
6139470,s594243412
6139470,s62724019
6139470,s68239855
6139470,s123341274
6139470,s121630400
6139470,s575886292
6139470,s1118865
6139470,s110892074
6139470,s16501728
6139470,s565423972
6139470,s846048
6139470,s15636336
6139470,s3088069
6139470,s552900892
6139470,s378801951
6139470,s145426896
6139470,s89904353
6139470,s497415082
6139470,s84721929
6139470,s2184743
6139470,s9816723
6139470,s472898512
6139470,s84721897
6139470,s447942232
6139470,s17006651
6139470,s84721995
6139470,s527894901
6139470,s138939747
6139470,s543934752
6139470,s983238
6139470,s124262674
6139470,s12195770
6139470,s119437608
6139470,s372985941
6139470,s459472042
6139470,s136887010
6139470,s525343612
6139470,s373046091
6139470,s103033408
6139470,s563488452
6139470,s139874527
6139470,s543575302
6139470,s482990352
6139470,s65655606
6139470,s65445748
6139470,s773245
6184981,s364957401
6184981,s122810074
6184981,s349385251
6184981,s87651095
6184981,s111024452
6184981,s73956146
6184981,s73616508
6184981,s125415260
6184981,s1151545
6184981,s70266756
6184981,s1582037
6184981,s1103102
6184981,s96818170
6184981,s118986142
6184981,s350428781
6184981,s118195184
6184981,s90250621
6184981,s79223833
6184981,s2855733
6184981,s54995881
6184981,s79587580
6184981,s107811124
6184981,s123883254
6184981,s79257215
6184981,s7674865
6184981,s74173002
6184981,s8086130
6184981,s364957381
6184981,s857985
6184981,s2114806
6184981,s119437608
6184981,s142986208
6184981,s1151527
6184981,s364951
6184981,s2485118
6184981,s900832
6184981,s95938334
6184981,s557093
6184981,s124550860
6184981,s54995911
6184981,s110007502
6184981,s1151542
6184981,s81768478
6184981,s54995921
6184981,s118587182
6184981,s1151541
6184981,s117713650
6184981,s103549360
6184981,s1149271
6184981,s76395840
6184981,s1109731
6184981,s376480961
6184981,s1151529
6184981,s118596560
6184981,s2329763
6184981,s3033950
6184981,s114395812
6184981,s111024448
6184981,s136338624
6184981,s35407931
6184981,s124606176
6184981,s532547
6184981,s916424
6184981,s96388708
6184981,s562487
6184981,s61424044
6184981,s114811546
6184981,s8110298
6184981,s2114804
6184981,s1165845
6184981,s554446
6184981,s109734566
6184981,s66878425
6184981,s123807484
6184981,s4209635
6184981,s85985255
6184981,s12441386
6184981,s5194069
6184981,s1151546
6184981,s97094250
6184981,s2862281
6184981,s110007506
6184981,s122721968
6184981,s8086136
6184981,s3020073
6184981,s72760012
6184981,s125333404
6184981,s6172899
6184981,s64505043
6184981,s123373232
6184981,s72059773
6184981,s65445466
6184981,s1149282
6184981,s916416
6184981,s6894261
6184981,s106506516
6184981,s126219051
6184981,s62723997
6184981,s72760010
6184981,s92719900
6371988,s95938334
6371988,s67371247
6371988,s87788121
6371988,s62284029
6371988,s70578881
6371988,s82341160
6371988,s917795
6371988,s943401
6371988,s80121626
6371988,s75521141
6371988,s78985511
6371988,s692890
6371988,s61295952
6371988,s3033951
6371988,s1152229
6371988,s10239389
6371988,s1821744
6371988,s81221436
6371988,s34875381
6371988,s14170476
6371988,s74602305
6371988,s71150643
6371988,s90059427
6371988,s63363432
6371988,s14208508
6371988,s784818
6371988,s96985436
6371988,s546578
6371988,s61379429
6371988,s12744084
6371988,s14208500
6371988,s79349291
6371988,s71220746
6371988,s3129559
6371988,s61872648
6371988,s6408276
6371988,s4769544
6371988,s54995921
6371988,s74602299
6371988,s89458301
6371988,s88564833
6371988,s943376
6371988,s67983718
6371988,s11122797
6371988,s78570098
6371988,s87518733
6371988,s75980556
6371988,s14208503
6371988,s4299832
6371988,s65299349
6371988,s3166518
6371988,s847668
6371988,s4563487
6371988,s64835953
6371988,s79967476
6371988,s90799557
6371988,s4301427
6371988,s3287683
6371988,s948137
6371988,s74466468
6371988,s81034530
6371988,s2040712
6371988,s14208509
6371988,s82152668
6371988,s77554741
6371988,s16328411
6371988,s102208902
6371988,s3287768
6371988,s2714420
6371988,s81068320
6371988,s83919501
6371988,s3776150
6371988,s3787855
6371988,s62067116
6371988,s78689837
6371988,s3389663
6371988,s12630133
6371988,s65253321
6371988,s6637662
6371988,s7826549
6371988,s970694
6371988,s75795813
6371988,s81578408
6371988,s83818484
6371988,s82768138
6371988,s62611676
6371988,s6891214
6371988,s10236553
6371988,s3287688
6371988,s2502677
6371988,s79319409
6371988,s70403440
6371988,s81993110
6371988,s785176
6371988,s6332977
6371988,s98445122
6371988,s5518552
6371988,s3776152
6371988,s67880384
6371988,s95281826
6486678,s114313178
6486678,s124001686
6486678,s118190298
6486678,s2238429
6486678,s106095102
6486678,s14954267
6486678,s5351361
6486678,s117371902
6486678,s107551636
6486678,s132123626
6486678,s137260120
6486678,s145429546
6486678,s11844271
6486678,s56718321
6486678,s133117442
6486678,s69743226
6486678,s121544142
6486678,s135010100
6486678,s75867414
6486678,s3135183
6486678,s2519103
6486678,s3766761
6486678,s113330362
6486678,s952870
6486678,s15015536
6486678,s2958765
6486678,s119682450
6486678,s3135553
6486678,s105069592
6486678,s70785264
6486678,s10446169
6486678,s124218496
6486678,s2189056
6486678,s135010088
6486678,s120434000
6486678,s139863547
6486678,s614058
6486678,s75867416
6486678,s128716605
6486678,s3167841
6486678,s382807321
6486678,s3138820
6486678,s126500245
6486678,s3155983
6486678,s1109731
6486678,s2554563
6486678,s1109737
6486678,s380575701
6486678,s18181530
6486678,s7521058
6486678,s870853
6486678,s1044131
6486678,s145559098
6486678,s83036396
6486678,s13789090
6486678,s102333184
6486678,s113989162
6486678,s132123604
6486678,s122927594
6486678,s92957122
6486678,s1575389
6486678,s123373232
6486678,s3276708
6486678,s73982869
6486678,s345997081
6486678,s73956354
6486678,s117513852
6486678,s98087618
6486678,s4232298
6486678,s135010096
6486678,s119972038
6486678,s122440564
6486678,s145228468
6486678,s2793753
6486678,s114313210
6486678,s66609426
6486678,s145444526
6486678,s95938334
6486678,s123339558
6486678,s16705452
6486678,s3097549
6486678,s131265474
6486678,s75867423
6486678,s3138878
6486678,s66494027
6486678,s362501111
6486678,s3129772
6486678,s1142460
6486678,s13766137
6486678,s916424
6486678,s110256520
6486678,s4764224
6486678,s75867417
6486678,s2423936
6486678,s983258
6486678,s66494026
6486678,s129473728
6486678,s92957124
6486678,s983260
6486678,s367561041
6654676,s2950437
6654676,s3332166
6654676,s13175015
6654676,s13871171
6654676,s141964113
6654676,s3912140
6654676,s3253145
6654676,s13304244
6654676,s88971911
6654676,s7928270
6654676,s813837
6654676,s3332182
6654676,s877265
6654676,s3332173
6654676,s65296612
6654676,s11261183
6654676,s16558838
6654676,s122075864
6654676,s3332179
6654676,s3332165
6654676,s12118023
6654676,s80534604
6654676,s4681002
6654676,s136465016
6654676,s84715403
6654676,s401788522
6654676,s11261179
6654676,s1559958
6654676,s2948502
6654676,s140302005
6654676,s128163355
6654676,s131547794
6654676,s77645145
6654676,s3332174
6654676,s119819702
6654676,s3332168
6654676,s71441053
6654676,s63570260
6654676,s120088396
6654676,s16094897
6654676,s6455163
6654676,s3332185
6654676,s3332183
6654676,s10701710
6654676,s12164065
6654676,s11581871
6654676,s3450544
6654676,s92508210
6654676,s2237170
6654676,s3332167
6654676,s373082721
6654676,s3332178
6654676,s3104112
6654676,s126751235
6654676,s71268956
6654676,s883485
6654676,s98917038
6654676,s3332177
6654676,s75847104
6654676,s133103636
6654676,s92506902
6654676,s3332176
6654676,s132816852
6654676,s1559995
6654676,s140302011
6654676,s116913926
6654676,s2950434
6654676,s3204395
6654676,s3332169
6654676,s68101723
6654676,s64604257
6654676,s3443515
6654676,s112643398
6654676,s3332180
6654676,s709002
6654676,s1003444
6654676,s128918540
6654676,s12118031
6654676,s1164639
6654676,s64242734
6654676,s138540045
6654676,s102990352
6654676,s3332172
6654676,s3590432
6654676,s3332171
6654676,s3332175
6654676,s10014454
6654676,s6951800
6654676,s60704074
6654676,s404203162
6654676,s63253881
6654676,s3332181
6654676,s141780587
6654676,s3332184
6654676,s65394392
6654676,s15679980
6654676,s92506932
6654676,s3332170
6654676,s137579893
6654676,s3344228
6669518,s124237488
6669518,s585387412
6669518,s92530354
6669518,s126847459
6669518,s422196922
6669518,s124433692
6669518,s439864512
6669518,s136889434
6669518,s121657896
6669518,s378515191
6669518,s136806118
6669518,s111780394
6669518,s82182346
6669518,s78914891
6669518,s3973905
6669518,s61379429
6669518,s118577278
6669518,s124992576
6669518,s425604732
6669518,s599047102
6669518,s447098092
6669518,s776124952
6669518,s106527182
6669518,s431638062
6669518,s103512988
6669518,s106152016
6669518,s119302924
6669518,s117176358
6669518,s139874527
6669518,s373046091
6669518,s72332693
6669518,s126969663
6669518,s77897443
6669518,s489727112
6669518,s827428052
6669518,s100067510
6669518,s411109542
6669518,s134643346
6669518,s389635791
6669518,s124600550
6669518,s409166172
6669518,s100075226
6669518,s105406152
6669518,s2550600
6669518,s117797212
6669518,s3787861
6669518,s426047952
6669518,s122115924
6669518,s123784358
6669518,s487333152
6669518,s136889402
6669518,s369023461
6669518,s473784012
6669518,s142749966
6669518,s74482523
6669518,s422283402
6669518,s457605972
6669518,s421630942
6669518,s73982438
6669518,s70607217
6669518,s98174724
6669518,s143784162
6669518,s143610662
6669518,s543797092
6669518,s390099141
6669518,s426048012
6669518,s142299335
6669518,s87518635
6669518,s17882565
6669518,s395273652
6669518,s426047942
6669518,s124691982
6669518,s98012644
6669518,s121127242
6669518,s67354825
6669518,s545793672
6669518,s955759
6669518,s61573287
6669518,s1053313232
6669518,s97890264
6669518,s471571712
6669518,s124262674
6669518,s140875593
6669518,s438850292
6669518,s123883254
6669518,s125513632
6669518,s13651718
6669518,s128546345
6669518,s143171642
6669518,s114811546
6669518,s471136652
6669518,s572115812
6669518,s3092237
6669518,s136889400
6669518,s69365488
6669518,s14490226
6669518,s143172408
6669518,s139802607
6669518,s16976607
6669518,s5490598
6681350,s790880702
6681350,s126368207
6681350,s428967792
6681350,s129636210
6681350,s650144582
6681350,s110806006
6681350,s757642122
6681350,s405508152
6681350,s827081392
6681350,s397060222
6681350,s452661112
6681350,s773461172
6681350,s806563012
6681350,s482292502
6681350,s94086058
6681350,s557699082
6681350,s5639255
6681350,s783256942
6681350,s468413062
6681350,s705749622
6681350,s1083359062
6681350,s145501464
6681350,s67709503
6681350,s72484878
6681350,s644369902
6681350,s110805992
6681350,s548852232
6681350,s770952492
6681350,s767262302
6681350,s853219532
6681350,s1575389
6681350,s886834152
6681350,s755831402
6681350,s1000666412
6681350,s344681991
6681350,s142706538
6681350,s132123610
6681350,s367786841
6681350,s127245171
6681350,s1049999812
6681350,s7405691
6681350,s904523942
6681350,s522700122
6681350,s537776732
6681350,s114438288
6681350,s614756502
6681350,s434591652
6681350,s693783212
6681350,s118416966
6681350,s389140141
6681350,s825987082
6681350,s801240852
6681350,s682243102
6681350,s3129191
6681350,s397715312
6681350,s110806010
6681350,s767232942
6681350,s820733912
6681350,s700949972
6681350,s98253574
6681350,s411776152
6681350,s429757562
6681350,s400312392
6681350,s6416097
6681350,s853219512
6681350,s859384712
6681350,s707792752
6681350,s853219452
6681350,s2421728
6681350,s752760792
6681350,s366148531
6681350,s828148902
6681350,s132123606
6681350,s6416093
6681350,s820733902
6681350,s790880662
6681350,s142337581
6681350,s802383592
6681350,s91568040
6681350,s59541361
6681350,s704312962
6681350,s427933202
6681350,s469512042
6681350,s706719772
6681350,s576851242
6681350,s926479842
6681350,s993139492
6681350,s366073791
6681350,s819483852
6681350,s933567302
6681350,s70707482
6681350,s350423741
6681350,s366148481
6681350,s373362011
6681350,s378743611
6681350,s110805984
6681350,s6598165
6681350,s100328650
6681350,s705749482
6681350,s957787892
6711381,s84868435
6711381,s94271564
6711381,s125889927
6711381,s126773767
6711381,s109176426
6711381,s133129162
6711381,s127247087
6711381,s139470659
6711381,s118610668
6711381,s95813354
6711381,s4095129
6711381,s67354825
6711381,s123103236
6711381,s70322130
6711381,s99735814
6711381,s126773765
6711381,s13782567
6711381,s14477354
6711381,s124550818
6711381,s117734474
6711381,s3092637
6711381,s34922521
6711381,s124062452
6711381,s3152610
6711381,s373971511
6711381,s131742260
6711381,s107688326
6711381,s913858
6711381,s119235302
6711381,s4095135
6711381,s105555854
6711381,s116116580
6711381,s13776906
6711381,s109734566
6711381,s4105457
6711381,s118195184
6711381,s73262790
6711381,s104592674
6711381,s128099517
6711381,s80275494
6711381,s15192225
6711381,s103512984
6711381,s69018608
6711381,s3152603
6711381,s628518
6711381,s67772647
6711381,s984800
6711381,s143158370
6711381,s78390523
6711381,s128099721
6711381,s7674964
6711381,s113775336
6711381,s95938472
6711381,s79687760
6711381,s3128450
6711381,s102364674
6711381,s94715630
6711381,s4095136
6711381,s76500485
6711381,s73949552
6711381,s85963127
6711381,s96818170
6711381,s2310289
6711381,s62874022
6711381,s103549360
6711381,s119232304
6711381,s112662368
6711381,s15188883
6711381,s61629179
6711381,s126866297
6711381,s13651723
6711381,s75624219
6711381,s102364678
6711381,s132265704
6711381,s830771
6711381,s67772661
6711381,s3119023
6711381,s15190476
6711381,s98579576
6711381,s102364682
6711381,s6523607
6711381,s67535301
6711381,s95978792
6711381,s118610674
6711381,s118986142
6711381,s69001860
6711381,s114811548
6711381,s6523613
6711381,s765436
6711381,s102364692
6711381,s628520
6711381,s128956292
6711381,s1252475
6711381,s3090793
6711381,s127310481
6711381,s123341274
6711381,s124062450
6711381,s103806954
6711381,s121929600
6711381,s3662139
6843905,s84942183
6843905,s69018608
6843905,s114166606
6843905,s136934494
6843905,s867833
6843905,s481415682
6843905,s13208884
6843905,s12933239
6843905,s118187308
6843905,s90939423
6843905,s751007
6843905,s493156012
6843905,s129395548
6843905,s64848628
6843905,s1111377
6843905,s482172262
6843905,s66206632
6843905,s116844166
6843905,s237407
6843905,s108404912
6843905,s115081912
6843905,s73087928
6843905,s72306946
6843905,s2702713
6843905,s3657963
6843905,s735849
6843905,s751026
6843905,s91667218
6843905,s84526495
6843905,s9215925
6843905,s3135713
6843905,s69168890
6843905,s482172332
6843905,s62512446
6843905,s17126360
6843905,s73913842
6843905,s75327613
6843905,s237415
6843905,s11780434
6843905,s115081928
6843905,s4099232
6843905,s71114100
6843905,s3516107
6843905,s3028628
6843905,s74526020
6843905,s30981191
6843905,s73605850
6843905,s411770002
6843905,s133117442
6843905,s96772142
6843905,s67924785
6843905,s482172172
6843905,s71664269
6843905,s8540329
6843905,s11780432
6843905,s14431676
6843905,s946031
6843905,s346237781
6843905,s10657921
6843905,s939444
6843905,s77468108
6843905,s117982598
6843905,s78508693
6843905,s403520542
6843905,s130538484
6843905,s62579433
6843905,s98715434
6843905,s11780426
6843905,s115081922
6843905,s85067346
6843905,s63240508
6843905,s9647471
6843905,s896723
6843905,s1111376
6843905,s237414
6843905,s87173583
6843905,s956340
6843905,s3517331
6843905,s98770000
6843905,s71114101
6843905,s946033
6843905,s946048
6843905,s9990251
6843905,s11914816
6843905,s383552261
6843905,s114438270
6843905,s94272698
6843905,s60767065
6843905,s123339144
6843905,s489013012
6843905,s113859526
6843905,s945217
6843905,s12988837
6843905,s55015211
6843905,s75308375
6843905,s109839090
6843905,s119871436
6843905,s88173759
6843905,s17300723
6843905,s5607951
6849949,s632250
6849949,s5317037
6849949,s64109394
6849949,s6865384
6849949,s2963232
6849949,s1156701
6849949,s2297870
6849949,s725689
6849949,s142342385
6849949,s138781105
6849949,s4094365
6849949,s883640
6849949,s97544028
6849949,s3083367
6849949,s138781087
6849949,s3091911
6849949,s131227000
6849949,s534628
6849949,s68584650
6849949,s736732
6849949,s129310360
6849949,s103511752
6849949,s91442700
6849949,s143783576
6849949,s4288159
6849949,s3065823
6849949,s60814256
6849949,s67447128
6849949,s883648
6849949,s138781085
6849949,s11861290
6849949,s143039612
6849949,s17426115
6849949,s3590427
6849949,s142342371
6849949,s9938226
6849949,s136820932
6849949,s64109392
6849949,s92734762
6849949,s73043170
6849949,s63093101
6849949,s2298245
6849949,s2148749
6849949,s143783574
6849949,s5428951
6849949,s1126676
6849949,s411008072
6849949,s614420
6849949,s235469
6849949,s142342367
6849949,s136820958
6849949,s137203488
6849949,s1500456
6849949,s848289
6849949,s3095193
6849949,s78293213
6849949,s41872921
6849949,s9955840
6849949,s1152458
6849949,s2525861
6849949,s136820960
6849949,s140360733
6849949,s1045311
6849949,s14615238
6849949,s120670682
6849949,s143783566
6849949,s12504488
6849949,s3103349
6849949,s68964194
6849949,s99359014
6849949,s883642
6849949,s76982754
6849949,s70080055
6849949,s67551322
6849949,s128116495
6849949,s7675129
6849949,s138781083
6849949,s65414362
6849949,s13913376
6849949,s3104893
6849949,s2312057
6849949,s12791811
6849949,s67447119
6849949,s67447129
6849949,s79508190
6849949,s13234767
6849949,s76881284
6849949,s3158377
6849949,s3874951
6849949,s64109385
6849949,s67447124
6849949,s398462872
6849949,s134024272
6849949,s61521553
6849949,s71323824
6849949,s267248
6849949,s62336680
6849949,s78101993
6849949,s3104888
6849949,s67447116
7131359,s63472159
7131359,s585777
7131359,s16757898
7131359,s71292232
7131359,s140869465
7131359,s8501234
7131359,s487029742
7131359,s3098840
7131359,s16757897
7131359,s16757896
7131359,s16757890
7131359,s387780121
7131359,s62874022
7131359,s115671688
7131359,s523471112
7131359,s70206826
7131359,s142749296
7131359,s69565058
7131359,s126011307
7131359,s7698720
7131359,s5968891
7131359,s113469472
7131359,s140869461
7131359,s139874527
7131359,s2238534
7131359,s140869475
7131359,s415238442
7131359,s69924599
7131359,s559018402
7131359,s79587580
7131359,s118986142
7131359,s2485030
7131359,s142986210
7131359,s3129324
7131359,s428991442
7131359,s64634867
7131359,s84791837
7131359,s73064468
7131359,s487029692
7131359,s87371673
7131359,s632023
7131359,s96899904
7131359,s65779793
7131359,s716686
7131359,s71009334
7131359,s118195184
7131359,s68414793
7131359,s71844196
7131359,s471136652
7131359,s76983016
7131359,s69565061
7131359,s3151872
7131359,s890307
7131359,s3154010
7131359,s16757900
7131359,s86616419
7131359,s586944
7131359,s680648
7131359,s487029702
7131359,s71528858
7131359,s415238412
7131359,s912742
7131359,s981988
7131359,s908682
7131359,s71095401
7131359,s13784682
7131359,s3130308
7131359,s124197788
7131359,s16235942
7131359,s71137161
7131359,s70654700
7131359,s134212668
7131359,s2312047
7131359,s411109542
7131359,s96252802
7131359,s559018462
7131359,s134212670
7131359,s16757894
7131359,s16757893
7131359,s84791735
7131359,s559018412
7131359,s90250603
7131359,s70266758
7131359,s3106784
7131359,s2553265
7131359,s69565062
7131359,s88252811
7131359,s387780141
7131359,s3091911
7131359,s60978718
7131359,s8501232
7131359,s114811548
7131359,s71483067
7131359,s1145131
7131359,s55848051
7131359,s65446366
7131359,s142706538
7131359,s6596139
7131359,s70079770
7131359,s16757891
7195826,s511978812
7195826,s794780242
7195826,s630947642
7195826,s61064523
7195826,s72037480
7195826,s65760506
7195826,s15372241
7195826,s767888222
7195826,s99150622
7195826,s63001047
7195826,s2591094
7195826,s791785772
7195826,s572569432
7195826,s515052382
7195826,s111774710
7195826,s937634482
7195826,s519875992
7195826,s14381637
7195826,s269389
7195826,s58082321
7195826,s14381641
7195826,s103551972
7195826,s13771307
7195826,s546004
7195826,s107544234
7195826,s630595112
7195826,s103866100
7195826,s442900852
7195826,s69897743
7195826,s92728780
7195826,s3569204
7195826,s9914834
7195826,s7785720
7195826,s744511352
7195826,s8117586
7195826,s938230672
7195826,s3154917
7195826,s699015772
7195826,s25746431
7195826,s2439309
7195826,s598517512
7195826,s3414898
7195826,s110044642
7195826,s140192671
7195826,s313639
7195826,s13771305
7195826,s632548772
7195826,s678687322
7195826,s3152728
7195826,s65319435
7195826,s346090491
7195826,s7025137
7195826,s596040212
7195826,s26363701
7195826,s529928591
7195826,s3018455
7195826,s131578324
7195826,s8011479
7195826,s579367912
7195826,s662061
7195826,s43473911
7195826,s655879262
7195826,s863427
7195826,s96252812
7195826,s68153429
7195826,s106831446
7195826,s2594366
7195826,s3365757
7195826,s79083411
7195826,s107544240
7195826,s1182050
7195826,s917352112
7195826,s3018460
7195826,s75819362
7195826,s493356892
7195826,s8011471
7195826,s109695702
7195826,s790132682
7195826,s477484372
7195826,s14172372
7195826,s2311013
7195826,s64607968
7195826,s77790367
7195826,s3114786
7195826,s4585794
7195826,s34477531
7195826,s4123281
7195826,s3018458
7195826,s451842142
7195826,s69295390
7195826,s3018461
7195826,s74569216
7195826,s97094250
7195826,s97095576
7195826,s3125361
7195826,s442900962
7195826,s909627
7195826,s93312228
7195826,s4250843
7195826,s485654272
7360137,s116874526
7360137,s370962431
7360137,s127376747
7360137,s140343717
7360137,s90164897
7360137,s134998182
7360137,s116874536
7360137,s904263912
7360137,s133409468
7360137,s120258994
7360137,s99162376
7360137,s3095889
7360137,s145471602
7360137,s3866185
7360137,s85918455
7360137,s92284566
7360137,s1107836
7360137,s10790627
7360137,s779453182
7360137,s10259533
7360137,s14918713
7360137,s90031503
7360137,s121911208
7360137,s121911218
7360137,s127376771
7360137,s34486621
7360137,s103462552
7360137,s72546680
7360137,s121911200
7360137,s15012725
7360137,s548365
7360137,s88216067
7360137,s896857
7360137,s131314954
7360137,s113944934
7360137,s103052662
7360137,s3764758
7360137,s426047942
7360137,s3764764
7360137,s100423140
7360137,s76395834
7360137,s78934726
7360137,s90031581
7360137,s13671892
7360137,s2603810
7360137,s106005410
7360137,s98875316
7360137,s89135991
7360137,s51101801
7360137,s408668592
7360137,s228930
7360137,s2554229
7360137,s385802811
7360137,s77259297
7360137,s2793753
7360137,s501797092
7360137,s34486571
7360137,s3852502
7360137,s79875064
7360137,s2751035
7360137,s4207724
7360137,s354703441
7360137,s62305251
7360137,s61756343
7360137,s84860559
7360137,s1108115
7360137,s34486591
7360137,s78150899
7360137,s90016019
7360137,s144857866
7360137,s2566970
7360137,s3155467
7360137,s78683972
7360137,s125550106
7360137,s353638751
7360137,s127800657
7360137,s2188717
7360137,s90016049
7360137,s481339432
7360137,s77756286
7360137,s3764763
7360137,s15015552
7360137,s116874520
7360137,s2890740
7360137,s116874532
7360137,s412941392
7360137,s895161
7360137,s28494211
7360137,s69002098
7360137,s121911210
7360137,s116874550
7360137,s9836231
7360137,s9058183
7360137,s73203314
7360137,s121911222
7360137,s124128982
7360137,s75139879
7360137,s127376741
7360137,s130105294
7360137,s12206946
7376478,s23526421
7376478,s70274251
7376478,s969406
7376478,s420353572
7376478,s67604982
7376478,s129633432
7376478,s401629622
7376478,s408070412
7376478,s479285172
7376478,s136246804
7376478,s479285082
7376478,s63170070
7376478,s56311781
7376478,s75299638
7376478,s479284892
7376478,s66025652
7376478,s479285142
7376478,s479285092
7376478,s75345170
7376478,s25746431
7376478,s420353482
7376478,s138632431
7376478,s414756262
7376478,s6914083
7376478,s125937035
7376478,s479285152
7376478,s138246363
7376478,s479285132
7376478,s479284912
7376478,s420353552
7376478,s420353542
7376478,s93115056
7376478,s2232821
7376478,s125937037
7376478,s935528
7376478,s479285192
7376478,s125987745
7376478,s129411160
7376478,s72888119
7376478,s346402461
7376478,s373960681
7376478,s2152827
7376478,s3369338
7376478,s76874892
7376478,s2232818
7376478,s2134001
7376478,s93115042
7376478,s4677403
7376478,s420353532
7376478,s479285162
7376478,s401629632
7376478,s479284902
7376478,s420353562
7376478,s6487183
7376478,s88796267
7376478,s6914082
7376478,s554640
7376478,s67604981
7376478,s2232820
7376478,s70274246
7376478,s72888115
7376478,s479285102
7376478,s125937041
7376478,s355709931
7376478,s420353512
7376478,s72888118
7376478,s420353492
7376478,s10259556
7376478,s479285122
7376478,s87652459
7376478,s479285182
7376478,s479285222
7376478,s6914084
7376478,s479285112
7376478,s2133998
7376478,s457211842
7376478,s72888120
7376478,s125937039
7376478,s419586112
7376478,s72888117
7376478,s143780742
7376478,s420353522
7376478,s15159274
7376478,s812715
7376478,s479284922
7376478,s72888116
7376478,s482172172
7376478,s539620
7376478,s80256784
7376478,s132366396
7376478,s2487712
7376478,s127299631
7376478,s785344
7376478,s72888114
7376478,s238244
7376478,s485265642
7376478,s2232817
7376478,s420353502
7376478,s2232655
7376478,s927924
7376518,s505204262
7376518,s1015793062
7376518,s34557781
7376518,s120791750
7376518,s3616651
7376518,s130855188
7376518,s356779431
7376518,s14552210
7376518,s1053446
7376518,s388736831
7376518,s486717512
7376518,s708907602
7376518,s3152676
7376518,s117678828
7376518,s72760016
7376518,s113330350
7376518,s1161283
7376518,s132198490
7376518,s727924692
7376518,s142870456
7376518,s547159922
7376518,s510287882
7376518,s346854571
7376518,s113536504
7376518,s109169056
7376518,s429975012
7376518,s60847286
7376518,s345197091
7376518,s79797252
7376518,s109169062
7376518,s886807
7376518,s137258698
7376518,s66887909
7376518,s6915013
7376518,s99370418
7376518,s137202012
7376518,s108937884
7376518,s671512142
7376518,s392355262
7376518,s2446703
7376518,s4095129
7376518,s114313182
7376518,s124062460
7376518,s96454554
7376518,s537516
7376518,s455225282
7376518,s71099821
7376518,s70682075
7376518,s53686841
7376518,s3128905
7376518,s107553346
7376518,s110154754
7376518,s2794160
7376518,s716383932
7376518,s691346572
7376518,s123369084
7376518,s102134880
7376518,s7420966
7376518,s13027932
7376518,s66657815
7376518,s513734
7376518,s694314232
7376518,s15078846
7376518,s2292979
7376518,s142750222
7376518,s922213
7376518,s83366310
7376518,s1049999812
7376518,s767942902
7376518,s541223962
7376518,s666178752
7376518,s4622055
7376518,s315612
7376518,s750644442
7376518,s759831102
7376518,s94664200
7376518,s65766923
7376518,s101673719
7376518,s105808938
7376518,s92572810
7376518,s548365
7376518,s68513610
7376518,s64539817
7376518,s109429682
7376518,s83753452
7376518,s1081126722
7376518,s418536232
7376518,s922404
7376518,s98086362
7376518,s375689861
7376518,s121851044
7376518,s685880
7376518,s77843541
7376518,s106890476
7376518,s483642552
7376518,s140344537
7376518,s142986206
7376518,s84371039
7376518,s74691521
7376518,s991348192
8044744,s643717442
8044744,s139787509
8044744,s65445466
8044744,s1022233232
8044744,s88845395
8044744,s759831102
8044744,s786342632
8044744,s542186022
8044744,s447098092
8044744,s456379902
8044744,s128081991
8044744,s752867462
8044744,s800613
8044744,s752867552
8044744,s776125232
8044744,s1571547
8044744,s752867442
8044744,s608710472
8044744,s752867472
8044744,s739870792
8044744,s752867532
8044744,s71927345
8044744,s752867452
8044744,s655095912
8044744,s65583036
8044744,s61397009
8044744,s355614101
8044744,s88845393
8044744,s2630766
8044744,s543091162
8044744,s752867562
8044744,s4602456
8044744,s568120982
8044744,s350055571
8044744,s102875744
8044744,s119302924
8044744,s15780056
8044744,s12209331
8044744,s142335441
8044744,s350055621
8044744,s3787863
8044744,s98237592
8044744,s579892872
8044744,s78915850
8044744,s92720102
8044744,s6532784
8044744,s504313072
8044744,s472569612
8044744,s752867502
8044744,s9997018
8044744,s540432
8044744,s112662184
8044744,s752867492
8044744,s119560606
8044744,s88845371
8044744,s366076551
8044744,s350055581
8044744,s2547246
8044744,s105574158
8044744,s88845397
8044744,s619045572
8044744,s5523699
8044744,s514930122
8044744,s77004673
8044744,s752867522
8044744,s84791527
8044744,s88845377
8044744,s568121012
8044744,s2298615
8044744,s423598262
8044744,s7321345
8044744,s105574150
8044744,s4588774
8044744,s591097842
8044744,s752867512
8044744,s568121092